{
  "labels" : ["Name","Capital","Region","Population","Area","Time zones","Borders","TL-domain","Currencies","Languages"],
  "countries" : [
      { "name" : "Albania",
        "capital": "Tirana",
        "region": "Europe",
        "population": 2895947,
        "area" : 28748,
        "timezones" : [ "UTC+01: 00" ],
        "borders" : [ "MNE", "GRC", "MKD", "KOS" ],
        "topLevelDomain" : [ ".al" ],
        "currencies" : [ "ALL" ],
        "languages" : [ "sq" ] },
      { "name" : "Argentina",
        "capital": "BuenosAires",
        "region": "Americas",
        "population": 42669500,
        "area" : 2780400,
        "timezones" : [ "UTC-03: 00" ],
        "borders" : [ "BOL", "BRA", "CHL", "PRY", "URY" ],
        "topLevelDomain" : [ ".ar" ],
        "currencies" : [ "ARS" ],
        "languages" : [ "es", "gn" ] },
      { "name" : "Austria",
        "capital": "Vienna",
        "region": "Europe",
        "population": 8527230,
        "area" : 83871,
        "timezones" : [ "UTC+01: 00" ],
        "borders" : [ "CZE", "DEU", "HUN", "ITA", "LIE", "SVK", "SVN", "CHE" ],
        "topLevelDomain" : [ ".at" ],
        "currencies" : [ "EUR" ],
        "languages" : [ "de" ] },
      { "name" : "Belgium",
        "capital": "Brussels",
        "region": "Europe",
        "population": 11215442,
        "area" : 30528,
        "timezones" : [ "UTC+01: 00" ],
        "borders" : [ "FRA", "DEU", "LUX", "NLD" ],
        "topLevelDomain" : [ ".be" ],
        "currencies" : [ "EUR" ],
        "languages" : [ "nl", "fr", "de" ] },
      { "name" : "Brazil",
        "capital": "Bras�lia",
        "region": "Americas",
        "population": 203346000,
        "area" : 8515767,
        "timezones" : [ "UTC-05: 00", "UTC-04: 00", "UTC-03: 00", "UTC-02: 00" ],
        "borders" : [ "ARG", "BOL", "COL", "GUF", "GUY", "PRY", "PER", "SUR", "URY", "VEN" ],
        "topLevelDomain" : [ ".br" ],
        "currencies" : [ "BRL" ],
        "languages" : [ "pt" ] },
      { "name" : "Bulgaria",
        "capital": "Sofia",
        "region": "Europe",
        "population": 7245677,
        "area" : 110879,
        "timezones" : [ "UTC+02: 00" ],
        "borders" : [ "GRC", "MKD", "ROU", "SRB", "TUR" ],
        "topLevelDomain" : [ ".bg" ],
        "currencies" : [ "BGN" ],
        "languages" : [ "bg" ] },
      { "name" : "China",
        "capital": "Beijing",
        "region": "Asia",
        "population": 1367510000,
        "area" : 9640011,
        "timezones" : [ "UTC+08: 00" ],
        "borders" : [ "AFG","BTN","MMR","HKG","IND","KAZ","PRK","KGZ","LAO","MAC","MNG","PAK","RUS","TJK","VNM" ],
        "topLevelDomain" : [ ".cn" ],
        "currencies" : [ "CNY" ],
        "languages" : [ "zh" ] },
      { "name" : "CzechRepublic",
        "capital": "Prague",
        "region": "Europe",
        "population": 10521600,
        "area" : 78865,
        "timezones" : [ "UTC+01: 00" ],
        "borders" : [ "AUT", "DEU", "POL", "SVK" ],
        "topLevelDomain" : [ ".cz" ],
        "currencies" : [ "CZK" ],
        "languages" : [ "cs", "sk" ] },
      { "name" : "Denmark",
        "capital": "Copenhagen",
        "region": "Europe",
        "population": 5639719,
        "area" : 43094,
        "timezones" : [ "UTC-04: 00", "UTC-03: 00", "UTC-01: 00", "UTC", "UTC+01: 00" ],
        "borders" : [ "DEU" ],
        "topLevelDomain" : [ ".dk" ],
        "currencies" : [ "DKK" ],
        "languages" : [ "da" ] },
      { "name" : "Finland",
        "capital": "Helsinki",
        "region": "Europe",
        "population": 5468609,
        "area" : 338424,
        "timezones" : [ "UTC+02: 00" ],
        "borders" : [ "NOR", "SWE", "RUS" ],
        "topLevelDomain" : [ ".fi" ],
        "currencies" : [ "EUR" ],
        "languages" : [ "fi", "sv" ] },
      { "name" : "France",
        "capital": "Paris",
        "region": "Europe",
        "population": 66048000,
        "area" : 640679,
        "timezones" :
          [ "UTC-10: 00", "UTC-09: 30","UTC-09: 00", "UTC-08: 00","UTC-04: 00","UTC-03: 00","UTC+01: 00","UTC+03: 00","UTC+04: 00","UTC+05: 00","UTC+11: 00","UTC+12: 00" ],
        "borders" : [ "AND", "BEL", "DEU", "ITA", "LUX", "MCO", "ESP", "CHE" ],
        "topLevelDomain" : [ ".fr" ],
        "currencies" : [ "EUR" ],
        "languages" : [ "fr" ] },
      { "name" : "Germany",
        "capital": "Berlin",
        "region": "Europe",
        "population": 80767000,
        "area" : 357114,
        "timezones" : [ "UTC+01: 00" ],
        "borders" : [ "AUT", "BEL", "CZE", "DNK", "FRA", "LUX", "NLD", "POL", "CHE" ],
        "topLevelDomain" : [ ".de" ],
        "currencies" : [ "EUR" ],
        "languages" : [ "de" ] },
      { "name" : "Greece",
        "capital": "Athens",
        "region": "Europe",
        "population": 10992589,
        "area" : 131990,
        "timezones" : [ "UTC+02: 00" ],
        "borders" : [ "ALB", "BGR", "TUR", "MKD" ],
        "topLevelDomain" : [ ".gr" ],
        "currencies" : [ "EUR" ],
        "languages" : [ "el" ] },
      { "name" : "Poland",
        "capital": "Warsaw",
        "region": "Europe",
        "population": 38496000,
        "area" : 312679,
        "timezones" : [ "UTC+01: 00" ],
        "borders" : [ "BLR", "CZE", "DEU", "LTU", "RUS", "SVK", "UKR" ],
        "topLevelDomain" : [ ".pl" ],
        "currencies" : [ "PLN" ],
        "languages" : [ "pl" ] },
      { "name" : "Portugal",
        "capital": "Lisbon",
        "region": "Europe",
        "population": 10477800,
        "area" : 92090,
        "timezones" : [ "UTC-01: 00", "UTC" ],
        "borders" : [ "ESP" ],
        "topLevelDomain" : [ ".pt" ],
        "currencies" : [ "EUR" ],
        "languages" : [ "pt" ] },
      { "name" : "SouthAfrica",
        "capital": "Pretoria",
        "region": "Africa",
        "population": 54002000,
        "area" : 1221037,
        "timezones" : [ "UTC+02: 00" ],
        "borders" : [ "BWA", "LSO", "MOZ", "NAM", "SWZ", "ZWE" ],
        "topLevelDomain" : [ ".za" ],
        "currencies" : [ "ZAR" ],
        "languages" : [ "af", "en", "nr", "st", "ss", "tn", "ts", "ve", "xh", "zu" ] },
      { "name" : "Spain",
        "capital": "Madrid",
        "region": "Europe",
        "population": 46507800,
        "area" : 505992,
        "timezones" : [ "UTC", "UTC+01: 00" ],
        "borders" : [ "AND", "FRA", "GIB", "PRT", "MAR" ],
        "topLevelDomain" : [ ".es" ],
        "currencies" : [ "EUR" ],
        "languages" : [ "es" ] },
      { "name" : "Sweden",
        "capital": "Stockholm",
        "region": "Europe",
        "population": 9716962,
        "area" : 450295,
        "timezones" : [ "UTC+01: 00" ],
        "borders" : [ "FIN", "NOR" ],
        "topLevelDomain" : [ ".se" ],
        "currencies" : [ "SEK" ],
        "languages" : [ "sv" ] },
      { "name" : "UnitedKingdom",
        "capital": "London",
        "region": "Europe",
        "population": 64105654,
        "area" : 242900,
        "timezones" :
          [ "UTC-08: 00","UTC-05: 00","UTC-04: 00","UTC-03: 00","UTC-02: 00","UTC","UTC+01: 00","UTC+02: 00","UTC+06: 00" ],
        "borders" : [ "IRL" ],
        "topLevelDomain" : [ ".uk" ],
        "currencies" : [ "GBP" ],
        "languages" : [ "en" ] },
      { "name" : "UnitedStates",
        "capital": "WashingtonD.C.",
        "region": "Americas",
        "population": 318975000,
        "area" : 9629091,
        "timezones" :
          [ "UTC-12: 00","UTC-11: 00","UTC-10: 00","UTC-09: 00","UTC-08: 00","UTC-07: 00","UTC-06: 00","UTC-05: 00","UTC-04: 00","UTC+10: 00","UTC+12: 00" ],
        "borders" : [ "CAN", "MEX" ],
        "topLevelDomain" : [ ".us" ],
        "currencies" : [ "USD", "USN", "USS" ],
        "languages" : [ "en" ] }
    ]

}